Token,TFIDF
american,0.2554490177972513
know,0.16374937038285342
time,0.15064942075222515
year,0.15064942075222515
energy,0.13854217700397914
people,0.13754947112159688
plan,0.13754947112159688
economy,0.13754947112159688
new,0.13754947112159688
health,0.13099949630628274
every,0.13099949630628274
bank,0.12864630721798062
must,0.12017339184932953
care,0.11789954667565446
job,0.11789954667565446
america,0.11134957186034032
make,0.11134957186034032
recovery,0.10885456764598361
crisis,0.10885456764598361
also,0.10479959704502619
budget,0.10415027293608557
lending,0.10041324826076489
responsibility,0.0989586978599851
day,0.09824962222971205
cost,0.09824962222971205
country,0.09169964741439791
child,0.09169964741439791
education,0.08514967259908378
nation,0.08514967259908378
reform,0.07859969778376964
family,0.07859969778376964
one,0.07859969778376964
school,0.07859969778376964
business,0.07859969778376964
end,0.0721040351095977
put,0.0721040351095977
tonight,0.0720497229684555
tax,0.0720497229684555
loan,0.06927108850198957
even,0.06549974815314137
million,0.06549974815314137
world,0.06549974815314137
college,0.06549974815314137
take,0.06549974815314137
congress,0.06549974815314137
need,0.06549974815314137
next,0.06549974815314137
money,0.06549974815314137
afford,0.06409247565297574
begin,0.06409247565297574
necessary,0.06275828016297806
recession,0.059375218715991065
helping,0.059375218715991065
debt,0.059375218715991065
deficit,0.05894977333782723
way,0.05894977333782723
work,0.05894977333782723
future,0.05894977333782723
home,0.05894977333782723
challenge,0.05608091619635378
cut,0.05608091619635378
economic,0.05239979852251309
back,0.05239979852251309
help,0.05239979852251309
see,0.05239979852251309
come,0.05239979852251309
meet,0.05239979852251309
difficult,0.050206624130382446
sense,0.050206624130382446
accountable,0.050206624130382446
payment,0.050206624130382446
address,0.04947934892999255
restart,0.04947934892999255
spend,0.04947934892999255
bad,0.04947934892999255
chamber,0.04947934892999255
largest,0.048069356739731804
invest,0.048069356739731804
goal,0.048069356739731804
doe,0.048069356739731804
fact,0.048069356739731804
made,0.048069356739731804
confidence,0.04584982370719896
ensure,0.04584982370719896
say,0.04584982370719896
get,0.04584982370719896
history,0.04584982370719896
government,0.04584982370719896
system,0.04584982370719896
first,0.04584982370719896
problem,0.04584982370719896
program,0.04584982370719896
high,0.04584982370719896
right,0.04584982370719896
industry,0.04005779728310984
global,0.04005779728310984
ever,0.04005779728310984
easy,0.039583479143994044
teacher,0.039583479143994044
cause,0.039583479143994044
renewable,0.039583479143994044
iraq,0.039583479143994044
prosperity,0.039583479143994044
single,0.039583479143994044
concern,0.039583479143994044
save,0.03929984889188482
bring,0.03929984889188482
state,0.03929984889188482
dollar,0.03929984889188482
power,0.03929984889188482
buy,0.03929984889188482
credit,0.03929984889188482
force,0.03929984889188482
president,0.03929984889188482
another,0.03929984889188482
century,0.03929984889188482
issue,0.03929984889188482
clean,0.03929984889188482
financial,0.03929984889188482
market,0.03929984889188482
efficient,0.03765496809778683
auto,0.03765496809778683
pushed,0.03765496809778683
solar,0.03765496809778683
dime,0.03765496809778683
depend,0.03765496809778683
depends,0.03765496809778683
govern,0.03765496809778683
layoff,0.03765496809778683
could,0.032749874076570686
tell,0.032749874076570686
never,0.032749874076570686
many,0.032749874076570686
place,0.032749874076570686
ask,0.032749874076570686
opportunity,0.032749874076570686
keep,0.032749874076570686
provide,0.032749874076570686
investment,0.032749874076570686
would,0.032749874076570686
effort,0.032749874076570686
united,0.032749874076570686
still,0.032749874076570686
lead,0.032749874076570686
called,0.032749874076570686
like,0.032749874076570686
last,0.032749874076570686
promise,0.032749874076570686
republican,0.03204623782648787
restore,0.03204623782648787
percent,0.03204623782648787
without,0.03204623782648787
technology,0.03204623782648787
private,0.03204623782648787
send,0.03204623782648787
break,0.03204623782648787
receive,0.03204623782648787
commitment,0.03204623782648787
look,0.03204623782648787
car,0.03204623782648787
line,0.03204623782648787
moment,0.03204623782648787
already,0.03204623782648787
asked,0.03204623782648787
hold,0.03204623782648787
step,0.03204623782648787
well,0.03204623782648787
action,0.03204623782648787
worse,0.03204623782648787
word,0.03204623782648787
whatever,0.029687609357995533
medicare,0.029687609357995533
confront,0.029687609357995533
wait,0.029687609357995533
absolutely,0.029687609357995533
includes,0.029687609357995533
critical,0.029687609357995533
housing,0.029687609357995533
decision,0.029687609357995533
foundation,0.029687609357995533
training,0.029687609357995533
letter,0.029687609357995533
struggling,0.029687609357995533
growing,0.029687609357995533
full,0.029687609357995533
source,0.029687609357995533
quality,0.029687609357995533
war,0.026199899261256546
street,0.026199899261256546
worker,0.026199899261256546
men,0.026199899261256546
may,0.026199899261256546
administration,0.026199899261256546
old,0.026199899261256546
working,0.026199899261256546
taxpayer,0.026199899261256546
stand,0.026199899261256546
want,0.026199899261256546
yet,0.026199899261256546
able,0.026199899261256546
build,0.026199899261256546
support,0.026199899261256546
security,0.026199899261256546
longer,0.026199899261256546
life,0.026199899261256546
value,0.026199899261256546
good,0.026199899261256546
let,0.026199899261256546
nearly,0.026199899261256546
finally,0.026199899261256546
national,0.026199899261256546
community,0.026199899261256546
generation,0.026199899261256546
pay,0.026199899261256546
part,0.026199899261256546
act,0.026199899261256546
across,0.026199899261256546
stopped,0.025103312065191223
mess,0.025103312065191223
wasteful,0.025103312065191223
complete,0.025103312065191223
weakened,0.025103312065191223
waste,0.025103312065191223
invented,0.025103312065191223
innovation,0.025103312065191223
wake,0.025103312065191223
crushing,0.025103312065191223
shape,0.025103312065191223
balance,0.025103312065191223
extremism,0.025103312065191223
mortgage,0.025103312065191223
carolina,0.025103312065191223
submit,0.025103312065191223
reflects,0.025103312065191223
quick,0.025103312065191223
reality,0.025103312065191223
quitter,0.025103312065191223
quitting,0.025103312065191223
quarter,0.025103312065191223
revive,0.025103312065191223
committed,0.025103312065191223
bear,0.025103312065191223
laying,0.025103312065191223
launched,0.025103312065191223
approach,0.025103312065191223
nobody,0.025103312065191223
eliminate,0.025103312065191223
though,0.025103312065191223
fraud,0.025103312065191223
found,0.025103312065191223
fiscal,0.025103312065191223
surely,0.025103312065191223
amid,0.025103312065191223
south,0.025103312065191223
lasting,0.025103312065191223
assure,0.025103312065191223
town,0.025103312065191223
tough,0.025103312065191223
boldly,0.025103312065191223
knew,0.025103312065191223
decline,0.025103312065191223
lose,0.025103312065191223
spur,0.025103312065191223
arrived,0.025103312065191223
area,0.025103312065191223
oil,0.025103312065191223
pile,0.025103312065191223
document,0.025103312065191223
probably,0.025103312065191223
watching,0.024034678369865902
citizen,0.024034678369865902
sent,0.024034678369865902
enough,0.024034678369865902
everyone,0.024034678369865902
entrepreneur,0.024034678369865902
created,0.024034678369865902
simply,0.024034678369865902
compete,0.024034678369865902
return,0.024034678369865902
result,0.024034678369865902
comprehensive,0.024034678369865902
given,0.024034678369865902
student,0.024034678369865902
debate,0.024034678369865902
spirit,0.024034678369865902
speak,0.024034678369865902
soon,0.024034678369865902
beyond,0.024034678369865902
lost,0.024034678369865902
ability,0.024034678369865902
solve,0.024034678369865902
neighbor,0.024034678369865902
democrat,0.024034678369865902
higher,0.024034678369865902
insurance,0.024034678369865902
inherited,0.024034678369865902
lay,0.024034678369865902
think,0.024034678369865902
understand,0.024034678369865902
passed,0.024034678369865902
major,0.024034678369865902
often,0.024034678369865902
pathway,0.019791739571997022
worthy,0.019791739571997022
wind,0.019791739571997022
corporation,0.019791739571997022
enterprise,0.019791739571997022
stronger,0.019791739571997022
directly,0.019791739571997022
inspiration,0.019791739571997022
trying,0.019791739571997022
household,0.019791739571997022
held,0.019791739571997022
healthy,0.019791739571997022
drive,0.019791739571997022
appointed,0.019791739571997022
lift,0.019791739571997022
agenda,0.019791739571997022
continue,0.019791739571997022
continued,0.019791739571997022
renewed,0.019791739571997022
forge,0.019791739571997022
lie,0.019791739571997022
fully,0.019791739571997022
ignore,0.019791739571997022
sitting,0.019791739571997022
story,0.019791739571997022
ship,0.019791739571997022
tomorrow,0.019791739571997022
bought,0.019791739571997022
seek,0.019791739571997022
took,0.019791739571997022
root,0.019791739571997022
walk,0.019791739571997022
view,0.019791739571997022
tuition,0.019791739571997022
upon,0.019791739571997022
saving,0.01964992444594241
policy,0.01964992444594241
move,0.01964992444594241
said,0.01964992444594241
federal,0.01964992444594241
hope,0.01964992444594241
decade,0.01964992444594241
serve,0.01964992444594241
seen,0.01964992444594241
resource,0.01964992444594241
today,0.01964992444594241
legislation,0.01964992444594241
done,0.01964992444594241
woman,0.01964992444594241
long,0.01964992444594241
protect,0.01964992444594241
billion,0.01964992444594241
together,0.01964992444594241
young,0.01964992444594241
use,0.01964992444594241
half,0.01964992444594241
great,0.01964992444594241
give,0.01964992444594241
threat,0.01964992444594241
wall,0.01964992444594241
safe,0.016023118913243935
increase,0.016023118913243935
important,0.016023118913243935
case,0.016023118913243935
dream,0.016023118913243935
thousand,0.016023118913243935
fastest,0.016023118913243935
sacrifice,0.016023118913243935
close,0.016023118913243935
far,0.016023118913243935
service,0.016023118913243935
social,0.016023118913243935
senator,0.016023118913243935
different,0.016023118913243935
track,0.016023118913243935
massive,0.016023118913243935
mean,0.016023118913243935
process,0.016023118913243935
afghanistan,0.016023118913243935
applause,0.016023118913243935
common,0.016023118913243935
assistance,0.016023118913243935
forward,0.016023118913243935
list,0.016023118913243935
secure,0.016023118913243935
reason,0.016023118913243935
rebuild,0.016023118913243935
allow,0.016023118913243935
public,0.016023118913243935
reward,0.016023118913243935
stock,0.016023118913243935
number,0.016023118913243935
paycheck,0.016023118913243935
order,0.016023118913243935
door,0.016023118913243935
era,0.016023118913243935
something,0.016023118913243935
clear,0.016023118913243935
getting,0.016023118913243935
quickly,0.016023118913243935
career,0.016023118913243935
begun,0.016023118913243935
idea,0.016023118913243935
rule,0.016023118913243935
company,0.016023118913243935
burden,0.016023118913243935
term,0.016023118913243935
historic,0.016023118913243935
spending,0.016023118913243935
built,0.016023118913243935
hard,0.016023118913243935
suffering,0.016023118913243935
terrorist,0.016023118913243935
responsible,0.016023118913243935
creating,0.016023118913243935
helped,0.016023118913243935
strength,0.013099949630628273
strengthen,0.013099949630628273
month,0.013099949630628273
member,0.013099949630628273
strong,0.013099949630628273
rate,0.013099949630628273
real,0.013099949630628273
told,0.013099949630628273
face,0.013099949630628273
price,0.013099949630628273
friend,0.013099949630628273
class,0.013099949630628273
disease,0.013099949630628273
account,0.013099949630628273
office,0.013099949630628273
open,0.013099949630628273
doctor,0.013099949630628273
turn,0.013099949630628273
change,0.013099949630628273
away,0.013099949630628273
bless,0.013099949630628273
set,0.013099949630628273
serious,0.013099949630628273
laughter,0.013099949630628273
instead,0.013099949630628273
best,0.013099949630628273
road,0.013099949630628273
god,0.013099949630628273
benefit,0.013099949630628273
believe,0.013099949630628273
highest,0.013099949630628273
living,0.013099949630628273
small,0.013099949630628273
lower,0.013099949630628273
require,0.013099949630628273
thank,0.013099949630628273
provided,0.013099949630628273
become,0.013099949630628273
example,0.013099949630628273
affordable,0.013099949630628273
expand,0.013099949630628273
vice,0.013099949630628273
father,0.013099949630628273
went,0.013099949630628273
progress,0.013099949630628273
failure,0.013099949630628273
trust,0.013099949630628273
pas,0.013099949630628273
around,0.013099949630628273
parent,0.013099949630628273
expanded,0.013099949630628273
somewhere,0.012551656032595612
visited,0.012551656032595612
sleepless,0.012551656032595612
substitute,0.012551656032595612
asks,0.012551656032595612
attached,0.012551656032595612
healthier,0.012551656032595612
slowly,0.012551656032595612
skeptical,0.012551656032595612
video,0.012551656032595612
decisionmaking,0.012551656032595612
deed,0.012551656032595612
speculator,0.012551656032595612
assuring,0.012551656032595612
supplant,0.012551656032595612
survival,0.012551656032595612
transfer,0.012551656032595612
tremendous,0.012551656032595612
ample,0.012551656032595612
touched,0.012551656032595612
happens,0.012551656032595612
hanging,0.012551656032595612
eats,0.012551656032595612
suffer,0.012551656032595612
swift,0.012551656032595612
talent,0.012551656032595612
teaching,0.012551656032595612
vocational,0.012551656032595612
summon,0.012551656032595612
suffers,0.012551656032595612
someday,0.012551656032595612
six,0.012551656032595612
skepticism,0.012551656032595612
surplus,0.012551656032595612
inaction,0.012551656032595612
incentive,0.012551656032595612
lender,0.012551656032595612
automobile,0.012551656032595612
escalating,0.012551656032595612
bailouts,0.012551656032595612
backwards,0.012551656032595612
intend,0.012551656032595612
investor,0.012551656032595612
hopeless,0.012551656032595612
inherit,0.012551656032595612
envoy,0.012551656032595612
equivocation,0.012551656032595612
either,0.012551656032595612
shaken,0.012551656032595612
severely,0.012551656032595612
educate,0.012551656032595612
blame,0.012551656032595612
sell,0.012551656032595612
edward,0.012551656032595612
ineffective,0.012551656032595612
apprenticeship,0.012551656032595612
april,0.012551656032595612
delaying,0.012551656032595612
hide,0.012551656032595612
viable,0.012551656032595612
homework,0.012551656032595612
detention,0.012551656032595612
statistic,0.012551656032595612
store,0.012551656032595612
strain,0.012551656032595612
import,0.012551656032595612
barrel,0.012551656032595612
sputter,0.012551656032595612
spurred,0.012551656032595612
washington,0.012551656032595612
stark,0.012551656032595612
enormous,0.012551656032595612
infuriated,0.012551656032595612
inspector,0.012551656032595612
immediate,0.012551656032595612
imagination,0.012551656032595612
bay,0.012551656032595612
performed,0.012551656032595612
absence,0.012551656032595612
perhaps,0.012551656032595612
acceptance,0.012551656032595612
clearly,0.012551656032595612
envelope,0.012551656032595612
accept,0.012551656032595612
weaker,0.012551656032595612
yield,0.012551656032595612
greensburg,0.012551656032595612
weighed,0.012551656032595612
web,0.012551656032595612
expense,0.012551656032595612
weather,0.012551656032595612
deposited,0.012551656032595612
deploy,0.012551656032595612
designed,0.012551656032595612
destructive,0.012551656032595612
determine,0.012551656032595612
weight,0.012551656032595612
choked,0.012551656032595612
understanding,0.012551656032595612
unemployment,0.012551656032595612
unless,0.012551656032595612
unpopular,0.012551656032595612
unlikely,0.012551656032595612
truck,0.012551656032595612
perseveres,0.012551656032595612
personally,0.012551656032595612
performance,0.012551656032595612
fearful,0.012551656032595612
unsolved,0.012551656032595612
upholding,0.012551656032595612
upheaval,0.012551656032595612
agreed,0.012551656032595612
aggressively,0.012551656032595612
wasted,0.012551656032595612
worsened,0.012551656032595612
adapt,0.012551656032595612
abuse,0.012551656032595612
doubtful,0.012551656032595612
admit,0.012551656032595612
adjustment,0.012551656032595612
avoid,0.012551656032595612
thought,0.012551656032595612
privacy,0.012551656032595612
agribusiness,0.012551656032595612
dependence,0.012551656032595612
hybrid,0.012551656032595612
illusion,0.012551656032595612
determination,0.012551656032595612
profitable,0.012551656032595612
string,0.012551656032595612
producing,0.012551656032595612
peel,0.012551656032595612
hatch,0.012551656032595612
harness,0.012551656032595612
harm,0.012551656032595612
hardship,0.012551656032595612
guantanamo,0.012551656032595612
halfway,0.012551656032595612
identified,0.012551656032595612
gutted,0.012551656032595612
teddy,0.012551656032595612
foreclosure,0.012551656032595612
formative,0.012551656032595612
flawlessly,0.012551656032595612
foe,0.012551656032595612
flowing,0.012551656032595612
flow,0.012551656032595612
hardest,0.012551656032595612
thus,0.012551656032595612
alike,0.012551656032595612
valuable,0.012551656032595612
unyielding,0.012551656032595612
gathered,0.012551656032595612
game,0.012551656032595612
generosity,0.012551656032595612
followed,0.012551656032595612
tragedy,0.012551656032595612
transformation,0.012551656032595612
transform,0.012551656032595612
depth,0.012551656032595612
proven,0.012551656032595612
protectionism,0.012551656032595612
regulatory,0.012551656032595612
broadband,0.012551656032595612
onto,0.012551656032595612
classroom,0.012551656032595612
claimed,0.012551656032595612
plainly,0.012551656032595612
plus,0.012551656032595612
petty,0.012551656032595612
knowledge,0.012551656032595612
opinion,0.012551656032595612
ordeal,0.012551656032595612
orrin,0.012551656032595612
outstanding,0.012551656032595612
oversight,0.012551656032595612
overnight,0.012551656032595612
cashed,0.012551656032595612
carved,0.012551656032595612
quicken,0.012551656032595612
page,0.012551656032595612
pad,0.012551656032595612
childhood,0.012551656032595612
preparing,0.012551656032595612
prevented,0.012551656032595612
principal,0.012551656032595612
monthly,0.012551656032595612
mountain,0.012551656032595612
coast,0.012551656032595612
comforted,0.012551656032595612
combat,0.012551656032595612
commerce,0.012551656032595612
participate,0.012551656032595612
proportion,0.012551656032595612
brink,0.012551656032595612
refinance,0.012551656032595612
night,0.012551656032595612
commonsense,0.012551656032595612
neighborhood,0.012551656032595612
newspaper,0.012551656032595612
consumed,0.012551656032595612
moon,0.012551656032595612
candidly,0.012551656032595612
professional,0.012551656032595612
prof,0.012551656032595612
overdue,0.012551656032595612
dropout,0.012551656032595612
earns,0.012551656032595612
ferret,0.012551656032595612
finance,0.012551656032595612
finding,0.012551656032595612
fallen,0.012551656032595612
uncertain,0.012551656032595612
twilight,0.012551656032595612
typed,0.012551656032595612
drape,0.012551656032595612
paint,0.012551656032595612
dropping,0.012551656032595612
entrusted,0.012551656032595612
element,0.012551656032595612
electronic,0.012551656032595612
emerge,0.012551656032595612
enduring,0.012551656032595612
willingness,0.012551656032595612
abess,0.012551656032595612
yesterday,0.012551656032595612
affected,0.012551656032595612
efficiency,0.012551656032595612
dry,0.012551656032595612
painful,0.012551656032595612
collapsed,0.012551656032595612
preventive,0.012551656032595612
prized,0.012551656032595612
plot,0.012551656032595612
pledged,0.012551656032595612
pleased,0.012551656032595612
posterity,0.012551656032595612
posse,0.012551656032595612
prerequisite,0.012551656032595612
exist,0.012551656032595612
dillon,0.012551656032595612
differently,0.012551656032595612
disappear,0.012551656032595612
frankly,0.012551656032595612
torture,0.012551656032595612
tornado,0.012551656032595612
faster,0.012551656032595612
farm,0.012551656032595612
fancy,0.012551656032595612
earmark,0.012551656032595612
exception,0.012551656032595612
ensures,0.012551656032595612
roll,0.012551656032595612
rubble,0.012551656032595612
lend,0.012551656032595612
scale,0.012551656032595612
sector,0.012551656032595612
scope,0.012551656032595612
rolling,0.012551656032595612
run,0.012551656032595612
sank,0.012551656032595612
retooled,0.012551656032595612
caused,0.012551656032595612
consign,0.012551656032595612
continuity,0.012551656032595612
consumer,0.012551656032595612
mindful,0.012551656032595612
refuse,0.012551656032595612
refinances,0.012551656032595612
reinvestment,0.012551656032595612
magnitude,0.012551656032595612
library,0.012551656032595612
local,0.012551656032595612
crossroad,0.012551656032595612
constructing,0.012551656032595612
automaker,0.012551656032595612
sheet,0.012551656032595612
shortcut,0.012551656032595612
short,0.012551656032595612
sick,0.012551656032595612
shun,0.012551656032595612
sight,0.012551656032595612
laundry,0.012551656032595612
declining,0.012551656032595612
japan,0.012551656032595612
rewarding,0.012551656032595612
turmoil,0.012551656032595612
costly,0.012551656032595612
responsibly,0.012551656032595612
bethea,0.012551656032595612
shelf,0.012551656032595612
lawmaker,0.012551656032595612
leak,0.012551656032595612
leaf,0.012551656032595612
learned,0.012551656032595612
leonard,0.012551656032595612
rightly,0.012551656032595612
laboratory,0.012551656032595612
midst,0.012551656032595612
miami,0.012551656032595612
managed,0.012551656032595612
manage,0.012551656032595612
mayor,0.012551656032595612
completely,0.012551656032595612
conference,0.012551656032595612
carry,0.012551656032595612
brick,0.012551656032595612
revolution,0.012551656032595612
cynical,0.012551656032595612
mismanagement,0.012551656032595612
minneapolis,0.012551656032595612
conscience,0.012551656032595612
reimagined,0.012551656032595612
readying,0.012551656032595612
read,0.012551656032595612
reckoning,0.012551656032595612
recovers,0.012551656032595612
ravage,0.012551656032595612
celebrity,0.012551656032595612
ceiling,0.012551656032595612
reviewing,0.012551656032595612
lifeblood,0.012551656032595612
conquer,0.012551656032595612
remembered,0.012551656032595612
reminds,0.012551656032595612
repeat,0.012551656032595612
secured,0.012551656032595612
biden,0.012551656032595612
biofuels,0.012551656032595612
sake,0.012551656032595612
book,0.012551656032595612
candor,0.012551656032595612
represents,0.012551656032595612
reportedly,0.012551656032595612
resilience,0.012551656032595612
resident,0.012551656032595612
relieve,0.012551656032595612
caring,0.012551656032595612
carefully,0.012551656032595612
catalyzed,0.012551656032595612
provider,0.012551656032595612
punishes,0.012551656032595612
cap,0.012551656032595612
bonus,0.012551656032595612
rise,0.009895869785998511
explosion,0.009895869785998511
site,0.009895869785998511
israel,0.009895869785998511
pandemic,0.009895869785998511
discovery,0.009895869785998511
skill,0.009895869785998511
pakistan,0.009895869785998511
rest,0.009895869785998511
congressman,0.009895869785998511
responded,0.009895869785998511
cyber,0.009895869785998511
occupation,0.009895869785998511
consensus,0.009895869785998511
respond,0.009895869785998511
joe,0.009895869785998511
double,0.009895869785998511
captured,0.009895869785998511
innovative,0.009895869785998511
trivial,0.009895869785998511
ordered,0.009895869785998511
ordinary,0.009895869785998511
anything,0.009895869785998511
quiet,0.009895869785998511
industrial,0.009895869785998511
industrialized,0.009895869785998511
answer,0.009895869785998511
retire,0.009895869785998511
resolve,0.009895869785998511
officer,0.009895869785998511
quit,0.009895869785998511
field,0.009895869785998511
anyway,0.009895869785998511
ceo,0.009895869785998511
coming,0.009895869785998511
jet,0.009895869785998511
science,0.009895869785998511
vigilant,0.009895869785998511
lawyer,0.009895869785998511
expanding,0.009895869785998511
panel,0.009895869785998511
bigger,0.009895869785998511
showing,0.009895869785998511
excuse,0.009895869785998511
executive,0.009895869785998511
university,0.009895869785998511
hire,0.009895869785998511
universal,0.009895869785998511
course,0.009895869785998511
eye,0.009895869785998511
assembly,0.009895869785998511
extraordinary,0.009895869785998511
extended,0.009895869785998511
fairness,0.009895869785998511
factory,0.009895869785998511
facing,0.009895869785998511
provides,0.009895869785998511
required,0.009895869785998511
fall,0.009895869785998511
urgent,0.009895869785998511
outcompete,0.009895869785998511
destroyed,0.009895869785998511
pull,0.009895869785998511
summit,0.009895869785998511
earth,0.009895869785998511
hear,0.009895869785998511
girl,0.009895869785998511
negotiating,0.009895869785998511
globe,0.009895869785998511
cabinet,0.009895869785998511
mile,0.009895869785998511
germany,0.009895869785998511
individual,0.009895869785998511
marine,0.009895869785998511
recover,0.009895869785998511
incredible,0.009895869785998511
creates,0.009895869785998511
creation,0.009895869785998511
stamp,0.009895869785998511
diploma,0.009895869785998511
conversation,0.009895869785998511
carbon,0.009895869785998511
table,0.009895869785998511
battery,0.009895869785998511
governor,0.009895869785998511
moving,0.009895869785998511
sustain,0.009895869785998511
swiftly,0.009895869785998511
demonstrate,0.009895869785998511
reckless,0.009895869785998511
greatest,0.009895869785998511
grateful,0.009895869785998511
mother,0.009895869785998511
grown,0.009895869785998511
depression,0.009895869785998511
contract,0.009895869785998511
recognizes,0.009895869785998511
direct,0.009895869785998511
restoring,0.009895869785998511
aspiration,0.009895869785998511
doubt,0.009895869785998511
turbine,0.009895869785998511
distinguished,0.009895869785998511
average,0.009895869785998511
love,0.009895869785998511
train,0.009895869785998511
attend,0.009895869785998511
cancer,0.009895869785998511
madam,0.009895869785998511
rebuilt,0.009895869785998511
retirement,0.009895869785998511
inspired,0.009895869785998511
bankruptcy,0.009895869785998511
announce,0.009895869785998511
breakthrough,0.009895869785998511
railroad,0.009895869785998511
lived,0.009895869785998511
soldier,0.009895869785998511
gain,0.009895869785998511
talk,0.009895869785998511
aside,0.009895869785998511
thread,0.009895869785998511
folk,0.009895869785998511
gave,0.009895869785998511
imagine,0.009895869785998511
impact,0.009895869785998511
team,0.009895869785998511
reject,0.009895869785998511
someone,0.009895869785998511
intention,0.009895869785998511
anger,0.009895869785998511
general,0.009895869785998511
destiny,0.009895869785998511
climate,0.009895869785998511
korea,0.009895869785998511
practice,0.009895869785998511
vision,0.009895869785998511
medicine,0.009895869785998511
wisely,0.009895869785998511
engine,0.009895869785998511
decency,0.009895869785998511
kid,0.009895869785998511
waiting,0.009895869785998511
learn,0.009895869785998511
defeat,0.009895869785998511
worry,0.009895869785998511
became,0.009895869785998511
pocket,0.009895869785998511
worked,0.009895869785998511
peril,0.009895869785998511
least,0.009895869785998511
watch,0.009895869785998511
blueprint,0.009895869785998511
honesty,0.009895869785998511
pride,0.009895869785998511
prepare,0.009895869785998511
educator,0.009895869785998511
led,0.009895869785998511
planet,0.009895869785998511
weak,0.009895869785998511
wealthy,0.009895869785998511
wealthiest,0.009895869785998511
advanced,0.009895869785998511
volunteer,0.009895869785998511
prepared,0.009895869785998511
encourage,0.009895869785998511
prescription,0.009895869785998511
preserve,0.009895869785998511
affect,0.009895869785998511
equipment,0.009895869785998511
win,0.009895869785998511
error,0.009895869785998511
claim,0.009895869785998511
honest,0.009895869785998511
advancement,0.009895869785998511
accountability,0.009895869785998511
ahead,0.009895869785998511
charter,0.009895869785998511
bold,0.009895869785998511
code,0.009895869785998511
cold,0.009895869785998511
kansa,0.009895869785998511
achievement,0.009895869785998511
launch,0.009895869785998511
significant,0.009895869785998511
charge,0.009895869785998511
politics,0.009895869785998511
score,0.009895869785998511
success,0.009895869785998511
profit,0.009895869785998511
engagement,0.009895869785998511
yes,0.009895869785998511
pollution,0.009895869785998511
struggle,0.009895869785998511
commit,0.009895869785998511
dramatically,0.009895869785998511
alliance,0.009895869785998511
advantage,0.008011559456621967
reach,0.008011559456621967
available,0.008011559456621967
trillion,0.008011559456621967
truth,0.008011559456621967
record,0.008011559456621967
asking,0.008011559456621967
building,0.008011559456621967
task,0.008011559456621967
cure,0.008011559456621967
nuclear,0.008011559456621967
privilege,0.008011559456621967
attempt,0.008011559456621967
competitive,0.008011559456621967
powerful,0.008011559456621967
demand,0.008011559456621967
democratic,0.008011559456621967
poverty,0.008011559456621967
growth,0.008011559456621967
age,0.008011559456621967
hand,0.008011559456621967
senior,0.008011559456621967
whether,0.008011559456621967
graduate,0.008011559456621967
interest,0.008011559456621967
ending,0.008011559456621967
forced,0.008011559456621967
bringing,0.008011559456621967
police,0.008011559456621967
purchase,0.008011559456621967
rebuilding,0.008011559456621967
increased,0.008011559456621967
house,0.008011559456621967
broken,0.008011559456621967
towards,0.008011559456621967
city,0.008011559456621967
sending,0.008011559456621967
starting,0.008011559456621967
achieve,0.008011559456621967
several,0.008011559456621967
terrible,0.008011559456621967
improve,0.008011559456621967
human,0.008011559456621967
stability,0.008011559456621967
china,0.008011559456621967
regulation,0.008011559456621967
rely,0.008011559456621967
choice,0.008011559456621967
bridge,0.008011559456621967
civil,0.008011559456621967
develop,0.008011559456621967
abroad,0.008011559456621967
raise,0.008011559456621967
willing,0.008011559456621967
create,0.008011559456621967
circumstance,0.008011559456621967
known,0.008011559456621967
third,0.008011559456621967
funding,0.008011559456621967
standard,0.008011559456621967
gap,0.008011559456621967
kind,0.008011559456621967
born,0.008011559456621967
point,0.008011559456621967
priority,0.008011559456621967
seeking,0.008011559456621967
proliferation,0.008011559456621967
measure,0.008011559456621967
entire,0.008011559456621967
saved,0.008011559456621967
penny,0.008011559456621967
big,0.008011559456621967
level,0.008011559456621967
expect,0.008011559456621967
especially,0.008011559456621967
per,0.008011559456621967
cycle,0.008011559456621967
learning,0.008011559456621967
feel,0.008011559456621967
show,0.008011559456621967
veteran,0.008011559456621967
equal,0.008011559456621967
unprecedented,0.008011559456621967
aggressive,0.008011559456621967
overseas,0.008011559456621967
failed,0.008011559456621967
mass,0.008011559456621967
agree,0.008011559456621967
production,0.008011559456621967
proud,0.008011559456621967
ultimately,0.008011559456621967
met,0.008011559456621967
premium,0.008011559456621967
hearing,0.008011559456621967
bipartisan,0.008011559456621967
outdated,0.008011559456621967
second,0.008011559456621967
message,0.008011559456621967
strategy,0.008011559456621967
closing,0.008011559456621967
highway,0.008011559456621967
supply,0.008011559456621967
maybe,0.008011559456621967
others,0.008011559456621967
qaida,0.008011559456621967
truly,0.008011559456621967
wealth,0.008011559456621967
sacred,0.008011559456621967
weapon,0.008011559456621967
paying,0.008011559456621967
purpose,0.008011559456621967
troop,0.008011559456621967
safer,0.008011559456621967
option,0.008011559456621967
check,0.008011559456621967
research,0.008011559456621967
coal,0.008011559456621967
operation,0.008011559456621967
roosevelt,0.008011559456621967
certain,0.008011559456621967
role,0.008011559456621967
honor,0.008011559456621967
laid,0.008011559456621967
law,0.006549974815314137
possibility,0.006549974815314137
ally,0.006549974815314137
basic,0.006549974815314137
beginning,0.006549974815314137
delivered,0.006549974815314137
coverage,0.006549974815314137
used,0.006549974815314137
reduce,0.006549974815314137
justice,0.006549974815314137
defense,0.006549974815314137
greater,0.006549974815314137
along,0.006549974815314137
grow,0.006549974815314137
succeed,0.006549974815314137
everything,0.006549974815314137
defend,0.006549974815314137
sure,0.006549974815314137
making,0.006549974815314137
center,0.006549974815314137
join,0.006549974815314137
alone,0.006549974815314137
whose,0.006549974815314137
always,0.006549974815314137
access,0.006549974815314137
terrorism,0.006549974815314137
much,0.006549974815314137
early,0.006549974815314137
find,0.006549974815314137
uniform,0.006549974815314137
lady,0.006549974815314137
stop,0.006549974815314137
fighting,0.006549974815314137
behind,0.006549974815314137
fear,0.006549974815314137
none,0.006549974815314137
institution,0.006549974815314137
condition,0.006549974815314137
name,0.006549974815314137
advance,0.006549974815314137
freedom,0.006549974815314137
free,0.006549974815314137
anyone,0.006549974815314137
came,0.006549974815314137
four,0.006549974815314137
peace,0.006549974815314137
left,0.006549974815314137
prevent,0.006549974815314137
large,0.006549974815314137
speaker,0.006549974815314137
election,0.006549974815314137
including,0.006549974815314137
overcome,0.006549974815314137
bill,0.006549974815314137
three,0.006549974815314137
paid,0.006549974815314137
fund,0.006549974815314137
border,0.006549974815314137
department,0.006549974815314137
since,0.006549974815314137
live,0.006549974815314137
little,0.006549974815314137
taking,0.006549974815314137
middle,0.006549974815314137
principle,0.006549974815314137
wage,0.006549974815314137
review,0.0
revitalizing,0.0
revenue,0.0
restraint,0.0
retiree,0.0
breaux,0.0
repeal,0.0
brighter,0.0
reopen,0.0
breathing,0.0
rental,0.0
retired,0.0
renew,0.0
replace,0.0
scholarship,0.0
scheduled,0.0
bible,0.0
bevin,0.0
seeing,0.0
securing,0.0
secretary,0.0
birth,0.0
renewal,0.0
biological,0.0
bin,0.0
billionaire,0.0
biggest,0.0
roaring,0.0
risk,0.0
rising,0.0
ride,0.0
biotechnology,0.0
senate,0.0
semiseparate,0.0
share,0.0
severe,0.0
setting,0.0
setback,0.0
serving,0.0
servicemembers,0.0
schumer,0.0
scene,0.0
scalia,0.0
saying,0.0
saw,0.0
savage,0.0
saudi,0.0
sat,0.0
seat,0.0
scientific,0.0
series,0.0
sale,0.0
safia,0.0
safety,0.0
box,0.0
bound,0.0
bottom,0.0
boston,0.0
borrowing,0.0
rid,0.0
bravest,0.0
bravery,0.0
braver,0.0
brave,0.0
branch,0.0
bracket,0.0
boyfriend,0.0
restraining,0.0
brightest,0.0
bond,0.0
richly,0.0
rice,0.0
ruin,0.0
round,0.0
roughly,0.0
rose,0.0
room,0.0
robust,0.0
salute,0.0
saddam,0.0
ryan,0.0
russia,0.0
rural,0.0
ruler,0.0
sanctuary,0.0
sanction,0.0
san,0.0
salvador,0.0
safely,0.0
prosecuted,0.0
proposing,0.0
proposed,0.0
propose,0.0
proposal,0.0
proportionally,0.0
proudly,0.0
protest,0.0
protective,0.0
protection,0.0
protecting,0.0
protected,0.0
brought,0.0
pulled,0.0
provision,0.0
proving,0.0
providing,0.0
providence,0.0
prove,0.0
centennial,0.0
cemetery,0.0
cell,0.0
celebration,0.0
celebrated,0.0
celebrate,0.0
prosperous,0.0
careful,0.0
capitol,0.0
capital,0.0
capacity,0.0
capable,0.0
pursue,0.0
caught,0.0
catching,0.0
catastrophic,0.0
casting,0.0
cartel,0.0
carryn,0.0
prospect,0.0
question,0.0
quarterback,0.0
putin,0.0
pursuing,0.0
proper,0.0
propelled,0.0
propel,0.0
proof,0.0
promote,0.0
promised,0.0
project,0.0
prosper,0.0
race,0.0
preschool,0.0
prey,0.0
prevention,0.0
preventing,0.0
pressure,0.0
pressing,0.0
presidential,0.0
pro,0.0
prison,0.0
prior,0.0
prime,0.0
primary,0.0
cayman,0.0
pointed,0.0
podium,0.0
plutonium,0.0
plea,0.0
playing,0.0
poor,0.0
pompe,0.0
poll,0.0
politician,0.0
political,0.0
positive,0.0
position,0.0
poisoning,0.0
chapter,0.0
chaos,0.0
changing,0.0
changed,0.0
chance,0.0
chain,0.0
chemical,0.0
cheat,0.0
chart,0.0
charging,0.0
character,0.0
progrowth,0.0
presence,0.0
productive,0.0
product,0.0
produce,0.0
procedure,0.0
premise,0.0
preexisting,0.0
predecessor,0.0
precious,0.0
praying,0.0
powerplant,0.0
presidency,0.0
present,0.0
professor,0.0
calling,0.0
call,0.0
california,0.0
calculated,0.0
cafeteria,0.0
byron,0.0
religious,0.0
relief,0.0
reliable,0.0
released,0.0
relative,0.0
relation,0.0
caregiver,0.0
remington,0.0
reminder,0.0
reminded,0.0
remind,0.0
remember,0.0
remarkable,0.0
remains,0.0
remain,0.0
reconfirmed,0.0
recommended,0.0
recommendation,0.0
recognize,0.0
rejoin,0.0
removing,0.0
removed,0.0
reprocessing,0.0
represented,0.0
representative,0.0
represent,0.0
reporter,0.0
report,0.0
replacing,0.0
replaced,0.0
resilient,0.0
researcher,0.0
builder,0.0
requiring,0.0
requires,0.0
republic,0.0
bomber,0.0
body,0.0
respect,0.0
buyer,0.0
busy,0.0
bush,0.0
bus,0.0
burdensome,0.0
burdened,0.0
rescue,0.0
rather,0.0
rare,0.0
rapidly,0.0
ranging,0.0
raising,0.0
raised,0.0
railway,0.0
reasonable,0.0
really,0.0
reaffirmed,0.0
ready,0.0
reaching,0.0
recently,0.0
ravaged,0.0
recent,0.0
receiving,0.0
rebuilds,0.0
rebirth,0.0
rebellion,0.0
reauthorize,0.0
candid,0.0
canada,0.0
pure,0.0
purchased,0.0
punish,0.0
reached,0.0
reflect,0.0
reducing,0.0
reduces,0.0
redefined,0.0
red,0.0
recruiting,0.0
regularly,0.0
region,0.0
regime,0.0
regard,0.0
refused,0.0
reforming,0.0
racism,0.0
brutal,0.0
broke,0.0
broadly,0.0
broader,0.0
broad,0.0
brings,0.0
rail,0.0
raid,0.0
raged,0.0
rage,0.0
radicalism,0.0
radical,0.0
reformer,0.0
undercut,0.0
unity,0.0
unite,0.0
unit,0.0
unique,0.0
union,0.0
unfolding,0.0
unfair,0.0
anybody,0.0
anxiously,0.0
anxious,0.0
antonin,0.0
answered,0.0
badge,0.0
announced,0.0
appeal,0.0
apathy,0.0
apartment,0.0
apart,0.0
anywhere,0.0
trunk,0.0
true,0.0
trudeau,0.0
troubled,0.0
appetite,0.0
twice,0.0
twenty,0.0
twelve,0.0
annual,0.0
upper,0.0
agreement,0.0
ago,0.0
aging,0.0
vaccine,0.0
vaccination,0.0
vaccinating,0.0
ultimate,0.0
ukraine,0.0
ugly,0.0
tyranny,0.0
typewriter,0.0
tyke,0.0
undermine,0.0
uncontrolled,0.0
unchanging,0.0
uncertainty,0.0
unbroken,0.0
unbreakable,0.0
unbounded,0.0
unanimously,0.0
unadulterated,0.0
uneven,0.0
unemployed,0.0
undocumented,0.0
undertaking,0.0
undertaken,0.0
understands,0.0
two,0.0
amnesty,0.0
artificial,0.0
arsenal,0.0
arm,0.0
arizona,0.0
argument,0.0
argue,0.0
archaic,0.0
arc,0.0
threaten,0.0
asian,0.0
asia,0.0
asbestos,0.0
turning,0.0
artificially,0.0
tiny,0.0
timetable,0.0
tim,0.0
ticket,0.0
throughout,0.0
thrive,0.0
thrift,0.0
trade,0.0
traced,0.0
toward,0.0
totally,0.0
torch,0.0
top,0.0
artist,0.0
turned,0.0
tunnel,0.0
transit,0.0
transgender,0.0
transformed,0.0
transcontinental,0.0
trained,0.0
tragic,0.0
traditional,0.0
treaty,0.0
treatment,0.0
treat,0.0
traveled,0.0
among,0.0
transmission,0.0
transitional,0.0
transition,0.0
amendment,0.0
ambitious,0.0
trite,0.0
triple,0.0
trip,0.0
tribal,0.0
trial,0.0
anniversary,0.0
anew,0.0
ancient,0.0
amount,0.0
transportation,0.0
admission,0.0
additional,0.0
addition,0.0
adding,0.0
added,0.0
advocate,0.0
advice,0.0
adversary,0.0
agency,0.0
afterward,0.0
african,0.0
africa,0.0
afraid,0.0
uranium,0.0
adulthood,0.0
wedge,0.0
wearing,0.0
wear,0.0
virtually,0.0
virginia,0.0
violently,0.0
violent,0.0
violence,0.0
violated,0.0
violate,0.0
vile,0.0
voluntary,0.0
voice,0.0
afloat,0.0
white,0.0
wherever,0.0
west,0.0
wellbeing,0.0
welfare,0.0
welcome,0.0
wrong,0.0
write,0.0
william,0.0
widow,0.0
wide,0.0
abolition,0.0
yemen,0.0
adopting,0.0
yearly,0.0
abraham,0.0
wrote,0.0
wrongful,0.0
whole,0.0
zero,0.0
zarqawi,0.0
youth,0.0
younger,0.0
abandon,0.0
abandonment,0.0
abbas,0.0
week,0.0
adult,0.0
yell,0.0
vast,0.0
vandalism,0.0
valley,0.0
ambition,0.0
alzheimer,0.0
victory,0.0
victim,0.0
viciousness,0.0
viciously,0.0
vetting,0.0
vest,0.0
unpredictable,0.0
unnecessary,0.0
vivid,0.0
unlimited,0.0
universe,0.0
uphold,0.0
upgrade,0.0
update,0.0
unwavering,0.0
unveiled,0.0
unsustainable,0.0
unsuited,0.0
unrelenting,0.0
vaccinated,0.0
using,0.0
usama,0.0
urge,0.0
unmatched,0.0
vital,0.0
visa,0.0
virus,0.0
waking,0.0
vulnerable,0.0
voting,0.0
voter,0.0
voted,0.0
vote,0.0
add,0.0
water,0.0
watched,0.0
warrior,0.0
vehicle,0.0
wanted,0.0
walmart,0.0
align,0.0
alexander,0.0
aisle,0.0
airport,0.0
air,0.0
aim,0.0
aid,0.0
alternative,0.0
almost,0.0
allows,0.0
allawi,0.0
venture,0.0
warned,0.0
sponsor,0.0
spoken,0.0
spoke,0.0
spent,0.0
speech,0.0
special,0.0
posed,0.0
background,0.0
avert,0.0
automatic,0.0
spread,0.0
spouse,0.0
bench,0.0
tool,0.0
bell,0.0
belief,0.0
belgium,0.0
beijing,0.0
behalf,0.0
better,0.0
bet,0.0
beset,0.0
bernardino,0.0
bermuda,0.0
beneficiary,0.0
beneath,0.0
bend,0.0
skilled,0.0
belongs,0.0
barely,0.0
banning,0.0
start,0.0
stared,0.0
standing,0.0
stalk,0.0
stable,0.0
steward,0.0
stern,0.0
stay,0.0
status,0.0
station,0.0
stated,0.0
sport,0.0
somehow,0.0
somalia,0.0
solving,0.0
solved,0.0
solution,0.0
sold,0.0
softbank,0.0
sovereign,0.0
southern,0.0
sound,0.0
soul,0.0
sorrow,0.0
sophomore,0.0
son,0.0
started,0.0
side,0.0
shy,0.0
shrink,0.0
began,0.0
becoming,0.0
beautiful,0.0
beat,0.0
beachhead,0.0
simple,0.0
blinken,0.0
blinded,0.0
blessed,0.0
bleed,0.0
size,0.0
blade,0.0
black,0.0
bit,0.0
seize,0.0
seem,0.0
board,0.0
blunt,0.0
blue,0.0
bloodshed,0.0
blood,0.0
serial,0.0
sergeant,0.0
sequester,0.0
september,0.0
blatantly,0.0
situation,0.0
singular,0.0
betting,0.0
society,0.0
smile,0.0
slow,0.0
slavery,0.0
slaughtered,0.0
slash,0.0
slain,0.0
sky,0.0
shooting,0.0
shifting,0.0
signup,0.0
sheriff,0.0
shaw,0.0
sharply,0.0
sharon,0.0
shared,0.0
shown,0.0
showed,0.0
shoulder,0.0
shot,0.0
shortly,0.0
shortfall,0.0
similar,0.0
silent,0.0
silenced,0.0
shifted,0.0
switzerland,0.0
swing,0.0
sweeping,0.0
swamp,0.0
susan,0.0
survivor,0.0
takeoff,0.0
taken,0.0
systemic,0.0
syrian,0.0
syria,0.0
symbol,0.0
sworn,0.0
based,0.0
tap,0.0
tank,0.0
talking,0.0
talked,0.0
taleb,0.0
technological,0.0
technical,0.0
teach,0.0
taxed,0.0
tariff,0.0
targeting,0.0
attention,0.0
attacked,0.0
attack,0.0
target,0.0
territory,0.0
ten,0.0
temporary,0.0
television,0.0
telephone,0.0
telegraph,0.0
tehran,0.0
theft,0.0
theater,0.0
thanks,0.0
texas,0.0
tested,0.0
test,0.0
applaud,0.0
thomas,0.0
thirty,0.0
thirteen,0.0
thinking,0.0
thing,0.0
therefore,0.0
thereby,0.0
arabia,0.0
approximately,0.0
approved,0.0
approve,0.0
approval,0.0
appoint,0.0
applying,0.0
terror,0.0
study,0.0
struggled,0.0
structure,0.0
strongly,0.0
strive,0.0
strenuously,0.0
strengthening,0.0
sudden,0.0
successful,0.0
substantially,0.0
subsidy,0.0
submitted,0.0
assaulting,0.0
association,0.0
assault,0.0
assassinated,0.0
assassin,0.0
aspect,0.0
bankrupt,0.0
ban,0.0
baltimore,0.0
ballistic,0.0
bahrain,0.0
baghdad,0.0
badly,0.0
sprint,0.0
battling,0.0
battle,0.0
assaulted,0.0
associate,0.0
asserting,0.0
autoimmune,0.0
autocrat,0.0
autocracy,0.0
authorized,0.0
authorize,0.0
australia,0.0
audience,0.0
attitude,0.0
supposed,0.0
supporting,0.0
sunday,0.0
stir,0.0
summoned,0.0
suggested,0.0
survived,0.0
survive,0.0
surrounded,0.0
surge,0.0
supreme,0.0
supremacy,0.0
suppress,0.0
strategic,0.0
straining,0.0
storm,0.0
storied,0.0
stood,0.0
sun,0.0
goodbye,0.0
grandmother,0.0
granddaughter,0.0
grandchild,0.0
graham,0.0
graduation,0.0
graduating,0.0
gradually,0.0
greatness,0.0
greatly,0.0
gray,0.0
grant,0.0
grandparent,0.0
committee,0.0
group,0.0
ground,0.0
gross,0.0
grid,0.0
grew,0.0
diplomatic,0.0
diplomacy,0.0
dioxide,0.0
dignity,0.0
digit,0.0
difference,0.0
disaster,0.0
disagreed,0.0
disadvantaged,0.0
grows,0.0
guaranteeing,0.0
guarantee,0.0
hall,0.0
hack,0.0
guy,0.0
gunned,0.0
gun,0.0
guiding,0.0
guideline,0.0
harsh,0.0
harris,0.0
harmony,0.0
harder,0.0
harbor,0.0
gorsuch,0.0
happening,0.0
happen,0.0
desecrating,0.0
deregulation,0.0
deputy,0.0
depriving,0.0
depresses,0.0
deposit,0.0
deportation,0.0
gradual,0.0
grade,0.0
gps,0.0
gotten,0.0
got,0.0
happy,0.0
generated,0.0
generate,0.0
gathering,0.0
gather,0.0
gate,0.0
died,0.0
diagnosed,0.0
diabetes,0.0
devotion,0.0
development,0.0
developing,0.0
detroit,0.0
footprint,0.0
disability,0.0
food,0.0
following,0.0
follow,0.0
focused,0.0
focus,0.0
forgotten,0.0
forget,0.0
forged,0.0
forever,0.0
foreseen,0.0
foreign,0.0
ford,0.0
founding,0.0
founder,0.0
foot,0.0
director,0.0
directive,0.0
direction,0.0
directed,0.0
giant,0.0
gianna,0.0
ghost,0.0
georgia,0.0
george,0.0
gentleman,0.0
discipline,0.0
going,0.0
glorious,0.0
glendale,0.0
generational,0.0
gladly,0.0
giving,0.0
fundamental,0.0
fulfilled,0.0
fulfill,0.0
frontline,0.0
front,0.0
frivolous,0.0
frightening,0.0
garden,0.0
gang,0.0
gallery,0.0
gained,0.0
funeral,0.0
gleaming,0.0
improved,0.0
india,0.0
indexing,0.0
independent,0.0
independence,0.0
increasingly,0.0
increasing,0.0
degree,0.0
degraded,0.0
defining,0.0
define,0.0
defender,0.0
defended,0.0
guard,0.0
democracy,0.0
delivering,0.0
deliver,0.0
hurting,0.0
hurricane,0.0
dependent,0.0
departs,0.0
deny,0.0
denisha,0.0
demonstrated,0.0
illegal,0.0
ignored,0.0
ideology,0.0
idealism,0.0
demolish,0.0
integrity,0.0
insurrection,0.0
insurgent,0.0
insurer,0.0
institute,0.0
instability,0.0
internet,0.0
international,0.0
interference,0.0
intelligence,0.0
intellectual,0.0
intel,0.0
impartial,0.0
immigration,0.0
improving,0.0
immediately,0.0
image,0.0
illness,0.0
impossible,0.0
imposing,0.0
imposed,0.0
impose,0.0
importantly,0.0
imploding,0.0
implement,0.0
imperial,0.0
income,0.0
incoherent,0.0
inauguration,0.0
immigrant,0.0
despair,0.0
desk,0.0
desire,0.0
deserves,0.0
deserve,0.0
dethroned,0.0
determining,0.0
determined,0.0
detective,0.0
detect,0.0
detained,0.0
destruction,0.0
heard,0.0
healing,0.0
ideal,0.0
headed,0.0
hatred,0.0
hate,0.0
highly,0.0
hidden,0.0
heroic,0.0
hero,0.0
hell,0.0
heeded,0.0
heart,0.0
guided,0.0
guide,0.0
guest,0.0
guatemala,0.0
heal,0.0
hyperbole,0.0
hussein,0.0
husband,0.0
honduras,0.0
homeownership,0.0
homemade,0.0
homeland,0.0
homecare,0.0
historical,0.0
hiring,0.0
hopefully,0.0
hopeful,0.0
honored,0.0
honorably,0.0
desperately,0.0
humanitarian,0.0
hugging,0.0
hugged,0.0
huge,0.0
however,0.0
hour,0.0
defeated,0.0
deer,0.0
deeply,0.0
hunter,0.0
hunger,0.0
hundredth,0.0
hundred,0.0
destroy,0.0
honestly,0.0
endure,0.0
endowment,0.0
enroll,0.0
enrichment,0.0
enrich,0.0
enjoy,0.0
enhanced,0.0
enhance,0.0
engineer,0.0
environment,0.0
entry,0.0
entity,0.0
enthusiasm,0.0
founded,0.0
enter,0.0
enrolled,0.0
equity,0.0
equality,0.0
epidemic,0.0
environmentally,0.0
electing,0.0
elected,0.0
elderly,0.0
eisenhower,0.0
egypt,0.0
egg,0.0
effective,0.0
eliminates,0.0
entering,0.0
established,0.0
essential,0.0
essence,0.0
eventually,0.0
event,0.0
evening,0.0
eve,0.0
evade,0.0
european,0.0
europe,0.0
ethanol,0.0
examine,0.0
exact,0.0
evolved,0.0
enemy,0.0
evidence,0.0
eviction,0.0
evicted,0.0
driver,0.0
drinking,0.0
drink,0.0
dreaming,0.0
dreamer,0.0
drawing,0.0
drain,0.0
engaged,0.0
enforcing,0.0
enforcement,0.0
enforce,0.0
evil,0.0
winter,0.0
winning,0.0
window,0.0
worried,0.0
workforce,0.0
wondering,0.0
wonderful,0.0
wonder,0.0
witnessing,0.0
windfall,0.0
edison,0.0
eaten,0.0
east,0.0
eliminated,0.0
worth,0.0
worst,0.0
worrying,0.0
achieved,0.0
accumulates,0.0
according,0.0
accomplished,0.0
accomplish,0.0
accessible,0.0
acceptable,0.0
academy,0.0
abyss,0.0
abuser,0.0
absolute,0.0
easier,0.0
eligible,0.0
eleven,0.0
electricity,0.0
electrical,0.0
electric,0.0
emission,0.0
embryo,0.0
embrace,0.0
embolden,0.0
eluded,0.0
elsewhere,0.0
else,0.0
eliminating,0.0
encourages,0.0
wise,0.0
emptied,0.0
empowered,0.0
employee,0.0
empire,0.0
educated,0.0
adapting,0.0
actually,0.0
activist,0.0
active,0.0
acted,0.0
acknowledge,0.0
within,0.0
withdrawn,0.0
wish,0.0
enact,0.0
firefighter,0.0
flying,0.0
floyd,0.0
florida,0.0
flinch,0.0
flexible,0.0
flexibility,0.0
fleeing,0.0
flag,0.0
feed,0.0
fee,0.0
fda,0.0
fbi,0.0
estimate,0.0
fate,0.0
fast,0.0
fighter,0.0
fight,0.0
fiat,0.0
fewer,0.0
fellow,0.0
fired,0.0
firearm,0.0
fire,0.0
finish,0.0
financially,0.0
financed,0.0
fill,0.0
fault,0.0
fought,0.0
forth,0.0
former,0.0
formed,0.0
form,0.0
freeze,0.0
franklin,0.0
frank,0.0
france,0.0
fourth,0.0
division,0.0
divided,0.0
disunity,0.0
district,0.0
firm,0.0
distant,0.0
displayed,0.0
doubly,0.0
doubling,0.0
dose,0.0
dominate,0.0
domestic,0.0
dna,0.0
fixed,0.0
fix,0.0
five,0.0
fit,0.0
fiscally,0.0
firmly,0.0
distorted,0.0
dying,0.0
dwight,0.0
duty,0.0
durable,0.0
duplicate,0.0
drug,0.0
dropped,0.0
earthquake,0.0
earnings,0.0
earnest,0.0
earned,0.0
earn,0.0
earlier,0.0
existed,0.0
displaced,0.0
exhausted,0.0
exemption,0.0
excess,0.0
excelled,0.0
experiencing,0.0
experienced,0.0
expensive,0.0
expected,0.0
expansion,0.0
existential,0.0
eternity,0.0
etched,0.0
estimating,0.0
estimated,0.0
exhausting,0.0
dismantle,0.0
discussion,0.0
discus,0.0
discretionary,0.0
discovering,0.0
discouraging,0.0
expressed,0.0
express,0.0
exported,0.0
exponentially,0.0
expired,0.0
expert,0.0
experimentation,0.0
extremist,0.0
dynamic,0.0
extinguish,0.0
extend,0.0
expressing,0.0
faith,0.0
fair,0.0
failing,0.0
fail,0.0
fascism,0.0
farmworkers,0.0
farewell,0.0
familiar,0.0
fallujah,0.0
falling,0.0
faithfully,0.0
extra,0.0
condemning,0.0
note,0.0
norwood,0.0
north,0.0
nonmilitary,0.0
nonessential,0.0
nondefense,0.0
congratulate,0.0
obamacare,0.0
oath,0.0
nutrition,0.0
nra,0.0
november,0.0
initiative,0.0
nothing,0.0
natural,0.0
nato,0.0
native,0.0
nationwide,0.0
nafta,0.0
myth,0.0
mutual,0.0
negotiate,0.0
neglected,0.0
needle,0.0
needed,0.0
neck,0.0
necessity,0.0
notre,0.0
older,0.0
okay,0.0
offshoring,0.0
official,0.0
offer,0.0
offensive,0.0
optimism,0.0
oppression,0.0
opposite,0.0
opposed,0.0
opioid,0.0
operator,0.0
opened,0.0
ought,0.0
conducted,0.0
organization,0.0
optimistic,0.0
conclusion,0.0
concerned,0.0
computer,0.0
complaining,0.0
competition,0.0
competing,0.0
competent,0.0
confronted,0.0
confrontational,0.0
conflict,0.0
confirmed,0.0
confident,0.0
organize,0.0
movement,0.0
motorcycle,0.0
motor,0.0
mortar,0.0
morocco,0.0
morning,0.0
moral,0.0
muslim,0.0
murderer,0.0
murdered,0.0
murder,0.0
multigenerational,0.0
moynihan,0.0
nearing,0.0
minimum,0.0
mine,0.0
mind,0.0
millionaire,0.0
military,0.0
milestone,0.0
mistreated,0.0
mistake,0.0
mission,0.0
missile,0.0
mislead,0.0
miracle,0.0
minute,0.0
minority,0.0
minister,0.0
navy,0.0
nice,0.0
news,0.0
newly,0.0
network,0.0
net,0.0
nest,0.0
neil,0.0
compassionate,0.0
compassion,0.0
communism,0.0
nominee,0.0
nominate,0.0
ninety,0.0
contribution,0.0
nih,0.0
continuing,0.0
content,0.0
contemplated,0.0
consultation,0.0
construction,0.0
constitutional,0.0
constitution,0.0
conservative,0.0
convince,0.0
conviction,0.0
convicted,0.0
convene,0.0
control,0.0
nine,0.0
plague,0.0
placing,0.0
placed,0.0
pittsburgh,0.0
pell,0.0
peaceful,0.0
payroll,0.0
pattern,0.0
patrick,0.0
patient,0.0
perfectly,0.0
perfect,0.0
percentage,0.0
oliver,0.0
pen,0.0
pelosi,0.0
personal,0.0
person,0.0
permitting,0.0
permit,0.0
permanently,0.0
permanent,0.0
period,0.0
cheney,0.0
piece,0.0
phrase,0.0
philadelphia,0.0
phase,0.0
pentagon,0.0
portion,0.0
port,0.0
popular,0.0
poorest,0.0
pouring,0.0
poured,0.0
pour,0.0
potential,0.0
post,0.0
possible,0.0
choosing,0.0
choose,0.0
chip,0.0
childcare,0.0
plagued,0.0
chicago,0.0
citizenship,0.0
chuck,0.0
chrysler,0.0
christian,0.0
chosen,0.0
chorus,0.0
pipeline,0.0
pipe,0.0
pillar,0.0
cleared,0.0
civic,0.0
play,0.0
planting,0.0
chief,0.0
outlined,0.0
outline,0.0
outeducates,0.0
outcome,0.0
owen,0.0
overwhelming,0.0
overturn,0.0
overstaying,0.0
oval,0.0
outside,0.0
pain,0.0
package,0.0
pacific,0.0
pace,0.0
pharmacy,0.0
owner,0.0
owned,0.0
closest,0.0
closely,0.0
clinton,0.0
palestinian,0.0
palestine,0.0
offense,0.0
ocean,0.0
occurred,0.0
occur,0.0
occupied,0.0
obligation,0.0
objective,0.0
ownership,0.0
pflugerville,0.0
perspective,0.0
collection,0.0
colleague,0.0
collapsing,0.0
coalition,0.0
coach,0.0
comment,0.0
commander,0.0
command,0.0
combination,0.0
colorado,0.0
color,0.0
partner,0.0
outrageously,0.0
particularly,0.0
paris,0.0
parenthetically,0.0
commodity,0.0
zone,0.0
patience,0.0
path,0.0
pastor,0.0
past,0.0
passing,0.0
pass,0.0
party,0.0
partnership,0.0
outreach,0.0
partisan,0.0
killed,0.0
kill,0.0
keystone,0.0
kevlar,0.0
kept,0.0
laden,0.0
labor,0.0
kunar,0.0
knock,0.0
kneeling,0.0
knee,0.0
latino,0.0
later,0.0
mom,0.0
landmark,0.0
land,0.0
decisively,0.0
decided,0.0
decide,0.0
deceased,0.0
death,0.0
dealing,0.0
dealer,0.0
janet,0.0
deepest,0.0
deep,0.0
deduction,0.0
deductible,0.0
late,0.0
leader,0.0
lawsuit,0.0
lawn,0.0
lawless,0.0
laura,0.0
lebanon,0.0
leaving,0.0
leave,0.0
leading,0.0
leadership,0.0
crime,0.0
cried,0.0
creed,0.0
legislate,0.0
kit,0.0
legacy,0.0
culture,0.0
crumbling,0.0
crucial,0.0
crowded,0.0
cross,0.0
crop,0.0
criminal,0.0
kentucky,0.0
keeping,0.0
kamala,0.0
justin,0.0
justification,0.0
junk,0.0
legal,0.0
involved,0.0
jamiel,0.0
jail,0.0
issued,0.0
isolated,0.0
islander,0.0
island,0.0
islamic,0.0
deal,0.0
deadly,0.0
dead,0.0
davis,0.0
daughter,0.0
declined,0.0
data,0.0
daring,0.0
initiated,0.0
infrastructure,0.0
information,0.0
influenced,0.0
inflection,0.0
inflation,0.0
inspire,0.0
inside,0.0
innocent,0.0
inner,0.0
injustice,0.0
injury,0.0
date,0.0
declared,0.0
declare,0.0
john,0.0
jewish,0.0
jessica,0.0
jeopardize,0.0
jenna,0.0
january,0.0
judicial,0.0
judge,0.0
joy,0.0
journey,0.0
jordan,0.0
joining,0.0
involves,0.0
invite,0.0
inventor,0.0
introduced,0.0
intimidate,0.0
intimate,0.0
interstate,0.0
interpreter,0.0
interpret,0.0
isi,0.0
irs,0.0
irresponsible,0.0
iraqi,0.0
iranian,0.0
iran,0.0
joined,0.0
medical,0.0
medicaid,0.0
measured,0.0
migration,0.0
might,0.0
michael,0.0
metastasized,0.0
merriweather,0.0
courage,0.0
county,0.0
countless,0.0
counsel,0.0
council,0.0
light,0.0
corruption,0.0
corridor,0.0
crack,0.0
covid,0.0
covered,0.0
cover,0.0
court,0.0
man,0.0
majority,0.0
maintain,0.0
mainly,0.0
main,0.0
marketplace,0.0
mark,0.0
costing,0.0
modernizing,0.0
modernized,0.0
modern,0.0
mobile,0.0
mob,0.0
mix,0.0
mitch,0.0
conservation,0.0
consequential,0.0
consequence,0.0
connecting,0.0
monetary,0.0
momentum,0.0
material,0.0
medium,0.0
massively,0.0
marvel,0.0
marshaling,0.0
marshal,0.0
marriage,0.0
meant,0.0
meaningful,0.0
maureen,0.0
mattis,0.0
matter,0.0
matt,0.0
memory,0.0
megan,0.0
meeting,0.0
master,0.0
magnificent,0.0
daily,0.0
daddy,0.0
dad,0.0
cybersecurity,0.0
currently,0.0
current,0.0
lethal,0.0
danny,0.0
daniel,0.0
dangerous,0.0
danger,0.0
damascus,0.0
dakota,0.0
march,0.0
lifetime,0.0
lifeline,0.0
liberty,0.0
liberation,0.0
liability,0.0
lgbtq,0.0
lewis,0.0
listen,0.0
lined,0.0
lincoln,0.0
limiting,0.0
limited,0.0
limit,0.0
likely,0.0
lifted,0.0
manufacturing,0.0
manmade,0.0
manhood,0.0
mandate,0.0
lobbyist,0.0
lobbying,0.0
livelihood,0.0
literally,0.0
literacy,0.0
lot,0.0
losing,0.0
loses,0.0
loophole,0.0
looking,0.0
cooperate,0.0
logistical,0.0
lockheed,0.0
magnet,0.0
magazine,0.0
loyalty,0.0
lowered,0.0
loved,0.0
loud,0.0
corporate,0.0
corp,0.0
core,0.0
coordinate,0.0
cooperation,0.0
cooperating,0.0
looked,0.0
